[
    {
        "link": "/news",
        "title": "The 2023 Best Beaches Contest Winners",
        "date": "April 02, 2023",
        "content": "Integer magna leo, posuere et dignissim vitae, porttitor at odio. Pellentesque a metus nec magna placerat volutpat. Nunc nisi mi, elementum sit amet..."
    },
    {
        "link": "/news",
        "title": "The Top 10 Diving Spots",
        "date": "May 29, 2023",
        "content": "Maecenas scelerisque odio quis arcu fringilla malesuada. Nulla facilisi. In libero nulla, fermentum ut pretium ac, pharetra et eros..."
    }
]