[
    {
        "link": "/meals",
        "heading": "The SeaFood Special",
        "image": "images/seafoods.jpg",
        "height": "169",
        "width": "780",
        "hoverName": "Fried Salmon Special",
        "hoverOverview": "I'm a product overview. Here you can write more information about your product. Buyers like to know ..."
    },
    {
        "link": "/meals",
        "heading": "Yummy Desserts",
        "image": "images/desserts.jpg",
        "height": "169",
        "width": "780",
        "hoverName": "Choco Ice Cream Sandwich",
        "hoverOverview": "I'm a product overview. Here you can write more information about your product. Buyers like to know ..."
    },
    {
        "link": "/meals",
        "heading": "The Buffet",
        "image": "images/buffet.jpg",
        "height": "169",
        "width": "780",
        "hoverName": "Mixed Buffet",
        "hoverOverview": "I'm a product overview. Here you can write more information about your product. Buyers like to know ..."
    }
]