[
  {
    "code": "GALR21Ø214",
    "name": "Gale Reef",
    "length": "4 nights / 5 days",
    "start": "2021-01-14T08:00:00Z",
    "resort": "Emerald Bay, 3 stars",
    "perPerson": "799.00",
    "image": "reef1.jpg",
    "description": "<p>Lorem ipsum dolor sit, amet consectetur adipisicing elit. Fuga quasi deleniti accusamus veniam voluptatem explicabo voluptas eveniet perspiciatis doloremque omnis quo eaque ducimus, labore culpa praesentium veritatis cum reprehenderit quas illo earum necessitatibus mollitia voluptates et? Possimus provident laborum fugit!</p>"
  },
  {
    "code": "DAWR210315",
    "name": "Dawson's Reef",
    "length": "4 nights / 5 days",
    "start": "2021-03-15T08:00:00Z",
    "resort": "Blue Lagoon, 3 stars",
    "perPerson": "1199.00",
    "image": "reef2.jpg",
    "description": "<p>Lorem ipsum dolor sit, amet consectetur adipisicing elit. Fuga quasi deleniti accusamus veniam voluptatem explicabo voluptas eveniet perspiciatis doloremque omnis quo eaque ducimus, labore culpa praesentium veritatis cum reprehenderit quas illo earum necessitatibus mollitia voluptates et? Possimus provident laborum fugit!</p>"
  },
  {
    "code": "CLAR210621",
    "name": "Claire's Reef",
    "length": "4 nights / 5 days",
    "start": "2021-06-21T08:00:00Z",
    "resort": "Coral Sands, 5 stars",
    "perPerson": "1999.00",
    "image": "reef3.jpg",
    "description": "<p>Lorem ipsum dolor sit, amet consectetur adipisicing elit. Fuga quasi deleniti accusamus veniam voluptatem explicabo voluptas eveniet perspiciatis doloremque omnis quo eaque ducimus, labore culpa praesentium veritatis cum reprehenderit quas illo earum necessitatibus mollitia voluptates et? Possimus provident laborum fugit!</p>"
  }
]
